2024-01-26T21:09:05Z	1269
2024-01-27T00:50:34Z	1269
2024-01-28T00:53:46Z	1269
2024-01-29T00:51:35Z	1269
2024-01-30T00:50:38Z	1269
2024-01-31T00:51:14Z	1269
2024-02-01T00:53:14Z	1269
2024-02-02T00:51:02Z	1269
2024-02-03T00:50:17Z	1269
2024-02-04T00:54:31Z	1269
2024-02-05T00:52:25Z	1269
2024-02-06T00:50:20Z	1269
2024-02-07T00:49:01Z	1269
2024-02-08T00:50:11Z	1269
2024-02-09T00:49:58Z	1269
2024-02-10T00:48:54Z	1269
2024-02-11T00:54:31Z	1269
2024-02-12T00:51:16Z	1269
2024-02-13T00:51:07Z	1269
2024-02-14T00:51:18Z	1269
2024-02-15T00:50:57Z	1269
2024-02-16T00:50:04Z	1269
2024-02-17T00:49:55Z	1269
2024-02-18T00:53:43Z	1269
2024-02-19T00:51:49Z	1269
2024-02-20T00:49:57Z	1269
2024-02-21T00:50:56Z	1269
2024-02-22T00:50:11Z	1269
2024-02-23T00:49:52Z	1271
2024-02-24T00:48:00Z	1271
2024-02-25T00:53:58Z	1271
2024-02-26T00:51:39Z	1271
2024-02-27T00:49:47Z	1279
2024-02-28T00:49:48Z	1279
2024-02-29T00:50:03Z	1279
2024-03-01T00:55:05Z	1279
2024-03-02T00:49:08Z	1279
2024-03-03T00:53:06Z	1279
2024-03-04T00:51:13Z	1279
2024-03-05T00:50:14Z	1279
2024-03-06T00:50:33Z	1279
2024-03-07T00:40:32Z	1279
2024-03-08T00:50:19Z	1279
2024-03-09T00:48:26Z	1279
2024-03-10T00:54:00Z	1279
2024-03-11T00:51:33Z	1279
2024-03-12T00:50:00Z	1279
2024-03-13T00:51:31Z	1279
2024-03-14T00:50:37Z	1279
2024-03-15T00:51:08Z	1279
2024-03-16T00:49:39Z	1279
2024-03-17T00:53:55Z	1279
2024-03-18T00:51:44Z	1279
2024-03-19T00:50:47Z	1283
2024-03-20T00:50:29Z	1283
2024-03-21T00:52:08Z	1283
2024-03-22T00:50:50Z	1283
2024-03-23T00:49:35Z	1283
2024-03-24T00:55:56Z	1283
2024-03-25T00:52:31Z	1283
2024-03-26T00:50:51Z	1283
2024-03-27T00:50:47Z	1283
2024-03-28T00:51:15Z	1283
2024-03-29T00:51:19Z	1283
2024-03-30T00:49:22Z	1283
2024-03-31T00:56:01Z	1283
2024-04-01T00:56:16Z	1283
2024-04-02T00:53:41Z	1283
2024-04-03T00:50:52Z	1283
2024-04-04T00:52:37Z	1283
2024-04-05T00:51:48Z	1283
2024-04-06T00:50:18Z	1283
2024-04-07T00:56:15Z	1283
2024-04-08T00:52:40Z	1283
2024-04-09T00:51:37Z	1283
2024-04-10T00:51:27Z	1283
2024-04-11T00:52:07Z	1283
2024-04-12T00:52:18Z	1283
2024-04-13T00:42:28Z	1283
2024-04-14T01:07:07Z	1283
2024-04-15T03:15:19Z	1283
2024-04-16T00:51:34Z	1283
2024-04-17T00:52:29Z	1283
2024-04-18T00:51:18Z	1283
2024-04-19T00:52:03Z	1283
2024-04-20T00:52:16Z	1283
2024-04-21T00:56:05Z	1283
2024-04-22T00:54:01Z	1283
2024-04-23T00:52:36Z	1283
2024-04-24T00:52:28Z	1283
2024-04-25T00:54:45Z	1283
2024-04-26T00:52:36Z	1283
2024-04-27T00:52:02Z	1283
2024-04-28T00:56:48Z	1283
2024-04-29T00:53:42Z	1283
2024-04-30T00:52:36Z	1283
2024-05-01T00:56:52Z	1301
2024-05-02T00:52:31Z	1301
2024-05-03T00:55:42Z	1301
2024-05-04T00:52:37Z	1301
2024-05-05T00:56:38Z	1301
2024-05-06T00:54:26Z	1301
2024-05-07T00:53:28Z	1301
2024-05-08T00:43:29Z	1301
2024-05-09T00:53:36Z	1301
2024-05-10T00:53:38Z	1301
2024-05-11T00:52:55Z	1301
2024-05-12T00:58:08Z	1301
2024-05-13T00:55:20Z	1301
2024-05-14T00:54:35Z	1301
2024-05-15T00:54:26Z	1301
2024-05-16T00:54:36Z	1301
2024-05-17T00:54:40Z	1301
2024-05-18T00:53:44Z	1301
2024-05-19T00:58:23Z	1301
2024-05-20T00:55:08Z	1301
2024-05-21T00:54:38Z	1301
2024-05-22T00:54:58Z	1301
2024-05-23T00:54:25Z	1301
2024-05-24T00:54:56Z	1301
2024-05-25T00:53:40Z	1301
2024-05-26T00:59:06Z	1301
2024-05-27T00:56:03Z	1301
2024-05-28T00:55:05Z	1301
2024-05-29T00:58:22Z	1301
2024-05-30T00:55:22Z	1301
2024-05-31T00:56:10Z	1301
2024-06-01T00:58:54Z	1315
2024-06-02T00:59:19Z	1315
2024-06-03T00:56:52Z	1315
2024-06-04T00:56:28Z	1315
2024-06-05T00:55:58Z	1315
2024-06-06T00:55:50Z	1315
2024-06-07T00:58:01Z	1315
2024-06-08T00:56:04Z	1315
2024-06-09T01:01:29Z	1315
2024-06-10T00:58:19Z	1315
2024-06-11T00:57:00Z	1315
2024-06-12T00:57:11Z	1315
2024-06-13T00:56:26Z	1315
2024-06-14T00:56:41Z	1315
2024-06-15T00:56:37Z	1315
2024-06-16T01:01:15Z	1315
2024-06-17T00:58:55Z	1315
2024-06-18T00:57:25Z	1315
2024-06-19T00:57:23Z	1315
2024-06-20T00:55:47Z	1315
2024-06-21T00:56:20Z	1315
2024-06-22T00:55:56Z	1315
2024-06-23T01:00:38Z	1315
2024-06-24T00:58:21Z	1315
2024-06-25T00:56:54Z	1315
2024-06-26T00:57:09Z	1315
2024-06-27T00:57:13Z	1315
2024-06-28T00:57:11Z	1315
2024-06-29T00:56:13Z	1315
2024-06-30T01:02:11Z	1315
2024-07-01T01:03:51Z	1315
2024-07-02T00:57:39Z	1315
2024-07-03T00:57:27Z	1315
2024-07-04T00:57:30Z	1315
2024-07-05T00:57:13Z	1315
2024-07-06T00:56:07Z	1315
2024-07-07T01:02:37Z	1315
2024-07-08T00:59:24Z	1315
2024-07-09T00:58:28Z	1315
2024-07-10T00:58:59Z	1315
2024-07-11T00:58:58Z	1316
2024-07-12T00:57:55Z	1316
2024-07-13T00:58:40Z	1316
2024-07-14T01:03:22Z	1316
2024-07-15T01:00:34Z	1316
2024-07-16T00:59:41Z	1316
2024-07-17T00:59:03Z	1316
2024-07-18T00:58:01Z	1316
2024-07-19T10:46:28Z	1316
2024-07-20T00:57:32Z	1316
2024-07-21T01:03:13Z	1316
2024-07-22T01:01:03Z	1316
2024-07-23T00:59:09Z	1316
2024-07-24T00:59:40Z	1330
2024-07-25T00:59:17Z	1511
2024-07-26T00:58:27Z	1511
2024-07-27T00:58:13Z	1511
2024-07-28T01:03:42Z	1511
2024-07-29T01:00:48Z	1511
2024-07-30T00:59:12Z	1511
2024-07-31T00:49:23Z	1511
2024-08-01T01:04:23Z	1511
2024-08-02T00:59:03Z	1513
2024-08-03T00:58:30Z	1514
2024-08-04T01:03:51Z	1514
2024-08-05T01:01:16Z	1515
2024-08-06T00:59:29Z	1515
2024-08-07T01:00:16Z	1515
2024-08-08T01:00:01Z	1515
2024-08-09T01:00:46Z	1515
2024-08-10T01:00:14Z	1515
2024-08-11T01:04:53Z	1515
2024-08-12T01:01:59Z	1515
2024-08-13T01:01:16Z	1515
2024-08-14T01:00:18Z	1515
2024-08-15T00:57:37Z	1515
2024-08-15T18:38:12Z	1515
2024-08-16T00:59:56Z	1515
2024-08-17T00:58:23Z	1515
2024-08-18T01:04:00Z	1517
2024-08-19T01:01:11Z	1517
2024-08-20T01:00:01Z	1517
2024-08-21T01:00:01Z	1517
2024-08-22T01:01:32Z	1517
2024-08-23T01:00:26Z	1517
2024-08-24T00:59:13Z	1517
2024-08-25T01:05:35Z	1517
2024-08-26T01:01:10Z	1517
2024-08-27T01:01:44Z	1517
2024-08-28T01:02:15Z	1517
2024-08-29T01:02:41Z	1517
2024-08-30T01:02:54Z	1517
2024-08-31T01:02:38Z	1517
2024-09-01T01:13:02Z	1517
2024-09-02T01:04:16Z	1517
2024-09-03T01:02:24Z	1517
2024-09-04T01:03:20Z	1517
2024-09-05T01:03:16Z	1517
2024-09-06T01:03:16Z	1517
2024-09-07T01:02:16Z	1517
2024-09-08T01:08:41Z	1517
2024-09-09T01:05:27Z	1517
2024-09-10T01:04:01Z	1517
2024-09-11T01:03:39Z	1517
2024-09-12T01:03:39Z	1518
2024-09-13T01:03:48Z	1518
2024-09-14T01:03:02Z	1519
2024-09-15T01:10:53Z	1522
2024-09-16T01:07:58Z	1522
2024-09-17T00:53:46Z	1522
2024-09-18T01:03:58Z	1522
2024-09-19T01:04:47Z	1526
2024-09-20T01:04:53Z	1526
2024-09-21T01:03:55Z	1526
2024-09-22T01:11:15Z	1526
2024-09-23T01:06:51Z	1526
2024-09-24T01:07:15Z	1526
2024-09-25T01:08:07Z	1527
2024-09-26T01:06:21Z	1612
2024-09-27T01:06:52Z	1613
2024-09-28T01:06:15Z	1613
2024-09-29T01:12:17Z	1613
2024-09-30T01:09:16Z	1613
2024-10-01T01:13:15Z	1613
2024-10-02T01:06:51Z	1613
2024-10-03T01:07:06Z	1613
2024-10-04T01:07:01Z	1613
2024-10-05T01:05:52Z	1613
2024-10-06T01:11:54Z	1613
2024-10-07T01:09:14Z	1613
2024-10-08T01:06:58Z	1613
2024-10-09T01:06:22Z	1613
2024-10-10T01:06:21Z	1613
2024-10-11T01:06:33Z	1613
2024-10-12T01:05:11Z	1613
2024-10-13T01:11:37Z	1613
2024-10-14T01:09:07Z	1613
2024-10-15T01:07:53Z	1613
2024-10-16T01:07:48Z	1613
2024-10-17T01:07:42Z	1613
2024-10-17T20:48:47Z	1613
2024-10-18T01:07:21Z	1613
2024-10-19T01:06:36Z	1613
2024-10-20T01:12:56Z	1613
2024-10-21T01:09:16Z	1614
2024-10-22T01:08:07Z	1636
2024-10-23T01:06:42Z	1636
2024-10-24T01:07:07Z	1636
2024-10-25T01:07:49Z	1636
2024-10-26T01:05:40Z	1636
2024-10-27T01:12:33Z	1647
2024-10-28T01:10:40Z	1647
2024-10-29T01:09:07Z	1647
2024-10-30T01:08:16Z	1647
2024-10-31T01:08:50Z	1647
2024-11-01T01:13:06Z	1647
2024-11-02T01:06:20Z	1647
2024-11-03T01:12:19Z	1647
2024-11-04T01:09:31Z	1647
2024-11-05T01:06:06Z	1647
2024-11-06T01:05:56Z	1647
2024-11-07T01:06:20Z	1647
2024-11-08T01:06:12Z	1647
2024-11-09T01:04:33Z	1647
2024-11-10T01:10:38Z	1647
2024-11-11T01:07:50Z	1647
2024-11-12T01:05:31Z	1647
2024-11-13T01:07:19Z	1647
2024-11-14T01:06:53Z	1647
2024-11-15T01:11:32Z	1647
2024-11-16T01:14:43Z	1647
2024-11-17T01:14:38Z	1647
2024-11-18T01:12:40Z	1647
2024-11-19T01:11:12Z	1647
2024-11-20T01:10:24Z	1647
2024-11-21T01:10:20Z	1647
2024-11-22T01:11:16Z	1647
2024-11-23T01:08:30Z	1647
2024-11-24T01:16:01Z	1647
2024-11-25T01:12:21Z	1647
2024-11-26T01:11:31Z	1648
2024-11-27T01:13:12Z	1648
2024-11-28T01:12:35Z	1649
2024-11-29T01:12:21Z	1650
2024-11-30T01:10:43Z	1657
2024-12-01T01:23:46Z	1663
2024-12-02T01:14:59Z	1668
2024-12-03T01:14:07Z	1677
2024-12-04T01:14:05Z	1678
2024-12-05T01:14:01Z	1682
2024-12-06T01:12:58Z	1685
2024-12-07T01:12:38Z	1685
2024-12-08T01:18:52Z	1685
2024-12-09T01:15:56Z	1685
2024-12-10T01:14:50Z	1689
2024-12-11T01:13:49Z	1689
2024-12-12T01:13:36Z	1690
2024-12-13T01:14:35Z	1692
2024-12-14T01:11:27Z	1692
2024-12-15T01:19:02Z	1692
2024-12-16T01:16:06Z	1694
2024-12-17T01:13:38Z	1699
2024-12-18T01:10:51Z	1723
2024-12-19T01:11:32Z	1727
2024-12-20T01:07:56Z	1729
2024-12-21T01:06:43Z	1731
2024-12-22T01:13:16Z	1731
2024-12-23T01:09:14Z	1732
2024-12-24T01:07:42Z	1732
2024-12-25T01:06:44Z	1735
2024-12-26T01:07:00Z	1735
2024-12-27T01:07:32Z	1735
2024-12-28T01:06:04Z	1735
2024-12-29T01:13:44Z	1735
2024-12-30T01:09:54Z	1735
2024-12-31T01:07:04Z	1735
2025-01-01T01:13:28Z	1735
2025-01-02T01:06:50Z	1735
2025-01-03T01:07:42Z	1735
2025-01-04T01:06:14Z	1735
2025-01-05T01:13:19Z	1735
2025-01-06T01:11:50Z	1735
2025-01-07T01:08:21Z	1735
2025-01-08T01:08:16Z	1735
2025-01-09T01:07:35Z	1735
2025-01-10T01:09:43Z	1735
2025-01-11T01:08:13Z	1735
2025-01-12T01:14:17Z	1735
2025-01-13T01:11:35Z	1735
2025-01-14T01:04:43Z	1735
2025-01-15T01:06:12Z	1735
2025-01-16T01:05:35Z	1735
2025-01-17T01:05:27Z	1735
2025-01-18T01:03:49Z	1735
2025-01-19T01:10:51Z	1735
2025-01-20T01:07:01Z	1735
2025-01-21T01:05:32Z	1736
2025-01-22T01:07:20Z	1736
2025-01-23T01:05:55Z	1736
2025-01-24T01:06:11Z	1736
2025-01-25T01:02:29Z	1736
2025-01-26T01:08:18Z	1736
2025-01-27T01:07:28Z	1736
2025-01-28T01:05:52Z	1736
2025-01-29T01:05:48Z	1736
2025-01-30T01:04:54Z	1736
2025-01-31T01:06:14Z	1736
2025-02-01T01:10:08Z	1736
2025-02-02T01:09:31Z	1736
2025-02-03T01:07:24Z	1736
2025-02-04T01:06:10Z	1736
2025-02-05T01:07:00Z	1736
2025-02-06T01:07:13Z	1736
2025-02-07T01:07:27Z	1736
2025-02-08T01:05:19Z	1736
2025-02-09T01:10:47Z	1736
2025-02-10T01:08:32Z	1736
2025-02-11T01:06:56Z	1736
2025-02-12T01:07:14Z	1736
2025-02-13T01:07:42Z	1736
2025-02-14T01:07:20Z	1736
2025-02-15T01:06:29Z	1736
2025-02-16T01:12:54Z	1736
2025-02-17T01:10:18Z	1736
2025-02-18T01:07:23Z	1736
2025-02-19T01:07:50Z	1736
2025-02-20T01:08:06Z	1736
2025-02-21T01:08:24Z	1736
2025-02-22T01:06:08Z	1736
2025-02-23T01:12:47Z	1736
2025-02-24T01:10:09Z	1736
2025-02-25T01:09:38Z	1736
2025-02-26T01:09:21Z	1736
2025-02-27T01:09:20Z	1736
2025-02-28T01:09:43Z	1736
2025-03-01T01:14:22Z	1736
2025-03-02T01:13:31Z	1736
2025-03-03T01:11:56Z	1736
2025-03-04T01:10:34Z	1736
2025-03-05T01:10:30Z	1736
2025-03-06T01:10:44Z	1736
2025-03-07T01:11:14Z	1736
2025-03-08T00:56:27Z	1736
2025-03-09T01:01:36Z	1736
2025-03-10T00:59:55Z	1736
2025-03-11T01:11:15Z	1736
2025-03-12T01:10:17Z	1736
2025-03-13T01:11:46Z	1736
2025-03-14T01:10:22Z	1736
2025-03-15T01:09:44Z	1736
2025-03-16T01:16:08Z	1736
2025-03-17T01:13:35Z	1736
2025-03-18T01:11:21Z	1736
2025-03-19T01:12:16Z	1736
