2024-01-26T21:09:06Z	470
2024-01-27T00:50:34Z	470
2024-01-28T00:53:46Z	470
2024-01-29T00:51:35Z	470
2024-01-30T00:50:39Z	470
2024-01-31T00:51:14Z	470
2024-02-01T00:53:14Z	470
2024-02-02T00:51:03Z	470
2024-02-03T00:50:17Z	472
2024-02-04T00:54:31Z	472
2024-02-05T00:52:26Z	472
2024-02-06T00:50:20Z	472
2024-02-07T00:49:02Z	472
2024-02-08T00:50:11Z	472
2024-02-09T00:49:58Z	472
2024-02-10T00:48:54Z	472
2024-02-11T00:54:31Z	472
2024-02-12T00:51:16Z	472
2024-02-13T00:51:07Z	472
2024-02-14T00:51:18Z	472
2024-02-15T00:50:57Z	472
2024-02-16T00:50:04Z	472
2024-02-17T00:49:55Z	472
2024-02-18T00:53:43Z	472
2024-02-19T00:51:49Z	472
2024-02-20T00:49:57Z	472
2024-02-21T00:50:56Z	472
2024-02-22T00:50:11Z	472
2024-02-23T00:49:52Z	472
2024-02-24T00:48:01Z	472
2024-02-25T00:53:58Z	472
2024-02-26T00:51:39Z	472
2024-02-27T00:49:48Z	472
2024-02-28T00:49:48Z	472
2024-02-29T00:50:04Z	472
2024-03-01T00:55:05Z	472
2024-03-02T00:49:08Z	477
2024-03-03T00:53:06Z	477
2024-03-04T00:51:13Z	477
2024-03-05T00:50:14Z	477
2024-03-06T00:50:33Z	477
2024-03-07T00:40:32Z	477
2024-03-08T00:50:19Z	477
2024-03-09T00:48:26Z	477
2024-03-10T00:54:00Z	477
2024-03-11T00:51:33Z	477
2024-03-12T00:50:00Z	479
2024-03-13T00:51:31Z	479
2024-03-14T00:50:37Z	479
2024-03-15T00:51:08Z	479
2024-03-16T00:49:39Z	479
2024-03-17T00:53:56Z	479
2024-03-18T00:51:44Z	479
2024-03-19T00:50:47Z	481
2024-03-20T00:50:29Z	481
2024-03-21T00:52:08Z	481
2024-03-22T00:50:50Z	481
2024-03-23T00:49:36Z	481
2024-03-24T00:55:57Z	481
2024-03-25T00:52:31Z	481
2024-03-26T00:50:51Z	481
2024-03-27T00:50:47Z	481
2024-03-28T00:51:15Z	481
2024-03-29T00:51:19Z	481
2024-03-30T00:49:22Z	481
2024-03-31T00:56:01Z	481
2024-04-01T00:56:16Z	481
2024-04-02T00:53:41Z	481
2024-04-03T00:50:53Z	481
2024-04-04T00:52:37Z	481
2024-04-05T00:51:48Z	481
2024-04-06T00:50:18Z	481
2024-04-07T00:56:16Z	481
2024-04-08T00:52:40Z	481
2024-04-09T00:51:37Z	481
2024-04-10T00:51:27Z	481
2024-04-11T00:52:07Z	481
2024-04-12T00:52:18Z	481
2024-04-13T00:42:28Z	481
2024-04-14T01:07:08Z	481
2024-04-15T03:15:19Z	481
2024-04-16T00:51:34Z	481
2024-04-17T00:52:29Z	481
2024-04-18T00:51:18Z	481
2024-04-19T00:52:04Z	481
2024-04-20T00:52:17Z	481
2024-04-21T00:56:05Z	481
2024-04-22T00:54:01Z	481
2024-04-23T00:52:36Z	481
2024-04-24T00:52:28Z	481
2024-04-25T00:54:46Z	481
2024-04-26T00:52:36Z	481
2024-04-27T00:52:02Z	481
2024-04-28T00:56:49Z	481
2024-04-29T00:53:43Z	481
2024-04-30T00:52:36Z	484
2024-05-01T00:56:52Z	484
2024-05-02T00:52:31Z	484
2024-05-03T00:55:42Z	484
2024-05-04T00:52:37Z	484
2024-05-05T00:56:38Z	484
2024-05-06T00:54:26Z	484
2024-05-07T00:53:28Z	484
2024-05-08T00:43:29Z	484
2024-05-09T00:53:37Z	484
2024-05-10T00:53:39Z	484
2024-05-11T00:52:55Z	484
2024-05-12T00:58:08Z	484
2024-05-13T00:55:20Z	484
2024-05-14T00:54:35Z	484
2024-05-15T00:54:26Z	484
2024-05-16T00:54:36Z	484
2024-05-17T00:54:40Z	484
